00000A, "Omron Tateisi Electronics CO.", "SCADA_VENDOR", "3"
00000C, "Cisco Systems, Inc.", "NETWORK_VENDOR", "5"
000023, "ABB Industrial Systems AB", "SCADA_VENDOR", "2"
00002B, "Crisp Automation, Inc.", "SCADA_VENDOR", "3"
0000BC, "Rockwell Automation", "SCADA_VENDOR", "5"
000105, "Beckhoff Automation Gmbh", "SCADA_VENDOR", "3"
00010D, "Coreco, Inc.", "SCADA_VENDOR", "3"
000123, "Digital Electronics Corp.", "SCADA_VENDOR", "2"
000142, "Cisco Systems, Inc.", "NETWORK_VENDOR", "5"
000143, "Cisco Systems, Inc.", "NETWORK_VENDOR", "5"
000158, "Electro Industries/Gauge Tech", "SCADA_VENDOR", "3"
000163, "Cisco Systems, Inc.", "NETWORK_VENDOR", "5"
000164, "Cisco Systems, Inc.", "NETWORK_VENDOR", "5"
000196, "Cisco Systems, Inc.", "NETWORK_VENDOR", "5"
000197, "Cisco Systems, Inc.", "NETWORK_VENDOR", "5"
0001C3, "Acromag, Inc.", "SCADA_VENDOR", "3"
0001C7, "Cisco Systems, Inc.", "NETWORK_VENDOR", "5"
0001C9, "Cisco Systems, Inc.", "NETWORK_VENDOR", "5"
0001E3, "Siemens AG", "SCADA_VENDOR", "5"
0001EE, "Comtrol Europe, Ltd.", "SCADA_VENDOR", "3"
000216, "Cisco Systems, Inc.", "NETWORK_VENDOR", "5"
000217, "Cisco Systems, Inc.", "NETWORK_VENDOR", "5"
00022C, "ABB Bomem, Inc.", "SCADA_VENDOR", "2"
00023D, "Cisco Systems, Inc.", "NETWORK_VENDOR", "5"
000248, "Pilz GmbH & Co.", "SCADA_VENDOR", "3"
00024A, "Cisco Systems, Inc.", "NETWORK_VENDOR", "5"
00024B, "Cisco Systems, Inc.", "NETWORK_VENDOR", "5"
00027D, "Cisco Systems, Inc.", "NETWORK_VENDOR", "5"
00027E, "Cisco Systems, Inc.", "NETWORK_VENDOR", "5"
0002A2, "Hilscher GmbH", "SCADA_VENDOR", "3"
0002A3, "ABB Switzerland Ltd, Power Systems", "SCADA_VENDOR", "3"
0002B9, "Cisco Systems, Inc.", "NETWORK_VENDOR", "5"
0002BA, "Cisco Systems, Inc.", "NETWORK_VENDOR", "5"
0002D3, "NetBotz, Inc.", "SCADA_VENDOR", "3"
0002FC, "Cisco Systems, Inc.", "NETWORK_VENDOR", "5"
0002FD, "Cisco Systems, Inc.", "NETWORK_VENDOR", "5"
000305, "MSC Vertriebs GmbH", "SCADA_VENDOR", "3"
000317, "Merlin Systems, Inc.", "SCADA_VENDOR", "2"
00032C, "ABB Switzerland Ltd", "SCADA_VENDOR", "2"
000331, "Cisco Systems, Inc.", "NETWORK_VENDOR", "5"
000332, "Cisco Systems, Inc.", "NETWORK_VENDOR", "5"
000358, "Hanyang Digitech Co., Ltd.", "SCADA_VENDOR", "2"
00036B, "Cisco Systems, Inc.", "NETWORK_VENDOR", "5"
00036C, "Cisco Systems, Inc.", "NETWORK_VENDOR", "5"
00037B, "Idec Izumi Corportation", "SCADA_VENDOR", "3"
00038D, "PCS Revenue Control Systems, Inc.", "POS", "3"
00039F, "Cisco Systems, Inc.", "NETWORK_VENDOR", "5"
0003A0, "Cisco Systems, Inc.", "NETWORK_VENDOR", "5"
0003AA, "Watlow", "SCADA_VENDOR", "3"
0003AD, "Emerson Energy Systems AB", "SCADA_VENDOR", "3"
0003E3, "Cisco Systems, Inc.", "NETWORK_VENDOR", "5"
0003E4, "Cisco Systems, Inc.", "NETWORK_VENDOR", "5"
0003FD, "Cisco Systems, Inc.", "NETWORK_VENDOR", "5"
0003FE, "Cisco Systems, Inc.", "NETWORK_VENDOR", "5"
000417, "Elau AG", "SCADA_VENDOR", "3"
000427, "Cisco Systems, Inc.", "NETWORK_VENDOR", "5"
000428, "Cisco Systems, Inc.", "NETWORK_VENDOR", "5"
00044D, "Cisco Systems, Inc.", "NETWORK_VENDOR", "5"
00044E, "Cisco Systems, Inc.", "NETWORK_VENDOR", "5"
000463, "Bosch Security Systems", "SECURITY", "3"
00046D, "Cisco Systems, Inc.", "NETWORK_VENDOR", "5"
00046E, "Cisco Systems, Inc.", "NETWORK_VENDOR", "5"
00049A, "Cisco Systems, Inc.", "NETWORK_VENDOR", "5"
00049B, "Cisco Systems, Inc.", "NETWORK_VENDOR", "5"
0004C0, "Cisco Systems, Inc.", "NETWORK_VENDOR", "5"
0004C1, "Cisco Systems, Inc.", "NETWORK_VENDOR", "5"
0004D7, "Omitec Instrumentation Ltd.", "SCADA_VENDOR", "3"
0004DD, "Cisco Systems, Inc.", "NETWORK_VENDOR", "5"
0004DE, "Cisco Systems, Inc.", "NETWORK_VENDOR", "5"
000500, "Cisco Systems, Inc.", "NETWORK_VENDOR", "5"
000501, "Cisco Systems, Inc.", "NETWORK_VENDOR", "5"
000519, "Siemens Building Technologies AG", "SCADA_VENDOR", "5"
000531, "Cisco Systems, Inc.", "NETWORK_VENDOR", "5"
000532, "Cisco Systems, Inc.", "NETWORK_VENDOR", "5"
00054B, "Eaton Automation AG", "SCADA_VENDOR", "3"
00055E, "Cisco Systems, Inc.", "NETWORK_VENDOR", "5"
00055F, "Cisco Systems, Inc.", "NETWORK_VENDOR", "5"
000573, "Cisco Systems, Inc.", "NETWORK_VENDOR", "5"
000574, "Cisco Systems, Inc.", "NETWORK_VENDOR", "5"
000594, "Ixxat Automation Gmbh", "SCADA_VENDOR", "3"
00059A, "Cisco Systems, Inc.", "NETWORK_VENDOR", "5"
00059B, "Cisco Systems, Inc.", "NETWORK_VENDOR", "5"
0005DA, "Apex Automationstechnik", "SCADA_VENDOR", "3"
0005DC, "Cisco Systems, Inc.", "NETWORK_VENDOR", "5"
0005DD, "Cisco Systems, Inc.", "NETWORK_VENDOR", "5"
000628, "Cisco Systems, Inc.", "NETWORK_VENDOR", "5"
00062A, "Cisco Systems, Inc.", "NETWORK_VENDOR", "5"
00063D, "Microwave Data Systems, Inc.", "SCADA_VENDOR", "3"
000652, "Cisco Systems, Inc.", "NETWORK_VENDOR", "5"
000653, "Cisco Systems, Inc.", "NETWORK_VENDOR", "5"
00065B, "Dell Computer Corp.", "PC_VENDOR", "5"
000660, "Nadex Co., Ltd.", "SCADA_VENDOR", "3"
000677, "Sick AG", "SCADA_VENDOR", "3"
00067C, "Cisco Systems, Inc.", "NETWORK_VENDOR", "5"
0006C1, "Cisco Systems, Inc.", "NETWORK_VENDOR", "5"
0006D6, "Cisco Systems, Inc.", "NETWORK_VENDOR", "5"
0006D7, "Cisco Systems, Inc.", "NETWORK_VENDOR", "5"
0006F6, "Cisco Systems, Inc.", "NETWORK_VENDOR", "5"
00070D, "Cisco Systems, Inc.", "NETWORK_VENDOR", "5"
00070E, "Cisco Systems, Inc.", "NETWORK_VENDOR", "5"
000746, "TURCK, Inc.", "SCADA_VENDOR", "3"
00074F, "Cisco Systems, Inc.", "NETWORK_VENDOR", "5"
000750, "Cisco Systems, Inc.", "NETWORK_VENDOR", "5"
000768, "Danfoss A/S", "SCADA_VENDOR", "3"
00077D, "Cisco Systems, Inc.", "NETWORK_VENDOR", "5"
000784, "Cisco Systems, Inc.", "NETWORK_VENDOR", "5"
000785, "Cisco Systems, Inc.", "NETWORK_VENDOR", "5"
0007A6, "Home Automation, Inc.", "SCADA_VENDOR", "3"
0007B3, "Cisco Systems, Inc.", "NETWORK_VENDOR", "5"
0007B4, "Cisco Systems, Inc.", "NETWORK_VENDOR", "5"
0007BE, "DataLogic SpA", "SCADA_VENDOR", "3"
0007EB, "Cisco Systems, Inc.", "NETWORK_VENDOR", "5"
0007EC, "Cisco Systems, Inc.", "NETWORK_VENDOR", "5"
000808, "PPT Vision, Inc.", "SCADA_VENDOR", "3"
000820, "Cisco Systems, Inc.", "NETWORK_VENDOR", "5"
000821, "Cisco Systems, Inc.", "NETWORK_VENDOR", "5"
00082F, "Cisco Systems, Inc.", "NETWORK_VENDOR", "5"
000830, "Cisco Systems, Inc.", "NETWORK_VENDOR", "5"
000831, "Cisco Systems, Inc.", "NETWORK_VENDOR", "5"
000832, "Cisco Systems, Inc.", "NETWORK_VENDOR", "5"
000874, "Dell Computer Corp.", "PC_VENDOR", "5"
00087C, "Cisco Systems, Inc.", "NETWORK_VENDOR", "5"
00087D, "Cisco Systems, Inc.", "NETWORK_VENDOR", "5"
00089B, "ICP Electronics Inc.", "SCADA_VENDOR", "2"
0008A3, "Cisco Systems, Inc.", "NETWORK_VENDOR", "5"
0008A4, "Cisco Systems, Inc.", "NETWORK_VENDOR", "5"
0008C2, "Cisco Systems, Inc.", "NETWORK_VENDOR", "5"
0008CC, "Remotec, Inc.", "ROBOTICS", "3"
0008E2, "Cisco Systems, Inc.", "NETWORK_VENDOR", "5"
0008E3, "Cisco Systems, Inc.", "NETWORK_VENDOR", "5"
000911, "Cisco Systems, Inc.", "NETWORK_VENDOR", "5"
000912, "Cisco Systems, Inc.", "NETWORK_VENDOR", "5"
000943, "Cisco Systems, Inc.", "NETWORK_VENDOR", "5"
000944, "Cisco Systems, Inc.", "NETWORK_VENDOR", "5"
00097B, "Cisco Systems, Inc.", "NETWORK_VENDOR", "5"
00097C, "Cisco Systems, Inc.", "NETWORK_VENDOR", "5"
00097E, "IMI Technology CO., Ltd.", "SCADA_VENDOR", "2"
000991, "GE Fanuc Automation Manufacturing, Inc.", "SCADA_VENDOR", "3"
0009B6, "Cisco Systems, Inc.", "NETWORK_VENDOR", "5"
0009B7, "Cisco Systems, Inc.", "NETWORK_VENDOR", "5"
0009E8, "Cisco Systems, Inc.", "NETWORK_VENDOR", "5"
0009E9, "Cisco Systems, Inc.", "NETWORK_VENDOR", "5"
0009F5, "Emerson Network Power Co., Ltd.", "SCADA_VENDOR", "3"
000A41, "Cisco Systems, Inc.", "NETWORK_VENDOR", "5"
000A42, "Cisco Systems, Inc.", "NETWORK_VENDOR", "5"
000A44, "Avery Dennison Deutschland GmbH", "SCADA_VENDOR", "2"
000A66, "Mitsubishi Electric System & Service Co., Ltd.", "SCADA_VENDOR", "2"
000A8A, "Cisco Systems, Inc.", "NETWORK_VENDOR", "5"
000A8B, "Cisco Systems, Inc.", "NETWORK_VENDOR", "5"
000AA9, "Brooks Automation GmbH", "SCADA_VENDOR", "3"
000AB7, "Cisco Systems, Inc.", "NETWORK_VENDOR", "5"
000AB8, "Cisco Systems, Inc.", "NETWORK_VENDOR", "5"
000ADC, "RuggedCom Inc.", "NETWORK_VENDOR", "3"
000AED, "Harting Systems GmbH & Co KG", "SCADA_VENDOR", "2"
000AF3, "Cisco Systems, Inc.", "NETWORK_VENDOR", "5"
000AF4, "Cisco Systems, Inc.", "NETWORK_VENDOR", "5"
000B17, "MKS Instruments", "SCADA_VENDOR", "3"
000B29, "LS(LG) Industrial Systems Co., Ltd", "SCADA_VENDOR", "3"
000B2D, "Danfoss Inc.", "SCADA_VENDOR", "3"
000B45, "Cisco Systems, Inc.", "NETWORK_VENDOR", "5"
000B46, "Cisco Systems, Inc.", "NETWORK_VENDOR", "5"
000B5F, "Cisco Systems, Inc.", "NETWORK_VENDOR", "5"
000B60, "Cisco Systems, Inc.", "NETWORK_VENDOR", "5"
000B85, "Cisco Systems, Inc.", "NETWORK_VENDOR", "5"
000BA3, "Siemens AG, I&S", "SCADA_VENDOR", "5"
000BBE, "Cisco Systems, Inc.", "NETWORK_VENDOR", "5"
000BBF, "Cisco Systems, Inc.", "NETWORK_VENDOR", "5"
000BCB, "Fagor Automation, S. Coop", "SCADA_VENDOR", "3"
000BDB, "Dell ESG PCBA Test", "PC_VENDOR", "5"
000BF3, "BAE Systems", "SCADA_VENDOR", "2"
000BFC, "Cisco Systems, Inc.", "NETWORK_VENDOR", "5"
000BFD, "Cisco Systems, Inc.", "NETWORK_VENDOR", "5"
000C02, "ABB Oy", "SCADA_VENDOR", "2"
000C1A, "Quest Technical Solutions Inc.", "SCADA_VENDOR", "3"
000C30, "Cisco Systems, Inc.", "NETWORK_VENDOR", "5"
000C31, "Cisco Systems, Inc.", "NETWORK_VENDOR", "5"
000C41, "Cisco-Linksys", "NETWORK_VENDOR", "5"
000C62, "ABB AB, Cewe-Control", "SCADA_VENDOR", "3"
000C85, "Cisco Systems, Inc.", "NETWORK_VENDOR", "5"
000C86, "Cisco Systems, Inc.", "NETWORK_VENDOR", "5"
000C87, "AMD", "SCADA_VENDOR", "2"
000CCE, "Cisco Systems, Inc.", "NETWORK_VENDOR", "5"
000CCF, "Cisco Systems, Inc.", "NETWORK_VENDOR", "5"
000CDE, "ABB Stotz-Kontakt GmbH", "SCADA_VENDOR", "2"
000D1E, "Control Techniques", "SCADA_VENDOR", "3"
000D28, "Cisco Systems, Inc.", "NETWORK_VENDOR", "5"
000D29, "Cisco Systems, Inc.", "NETWORK_VENDOR", "5"
000D41, "Siemens AG ICM MP UC RD IT KLF1", "SCADA_VENDOR", "5"
000D56, "Dell ESG PCBA Test", "PC_VENDOR", "5"
000D65, "Cisco Systems, Inc.", "NETWORK_VENDOR", "5"
000D66, "Cisco Systems, Inc.", "NETWORK_VENDOR", "5"
000D81, "Pepperl+Fuchs GmbH", "SCADA_VENDOR", "3"
000D98, "S.W.A.C. Schmitt-Walter Automation Consult GmbH", "SCADA_VENDOR", "3"
000DAB, "Parker Hannifin GmbH Electromechanical Division Europe", "SCADA_VENDOR", "3"
000DBC, "Cisco Systems, Inc.", "NETWORK_VENDOR", "5"
000DBD, "Cisco Systems, Inc.", "NETWORK_VENDOR", "5"
000DEC, "Cisco Systems, Inc.", "NETWORK_VENDOR", "5"
000DED, "Cisco Systems, Inc.", "NETWORK_VENDOR", "5"
000E08, "Cisco Linksys LLC", "NETWORK_VENDOR", "5"
000E13, "Accu-Sort Systems Inc.", "SCADA_VENDOR", "3"
000E38, "Cisco Systems, Inc.", "NETWORK_VENDOR", "5"
000E39, "Cisco Systems, Inc.", "NETWORK_VENDOR", "5"
000E83, "Cisco Systems, Inc.", "NETWORK_VENDOR", "5"
000E84, "Cisco Systems, Inc.", "NETWORK_VENDOR", "5"
000E8C, " Siemens AG A&D ET", "SCADA_VENDOR", "5"
000EC1, "Mynah Technologies", "SCADA_VENDOR", "3"
000ECF, "Profibus Nutzerorganisation e.V.", "SCADA_VENDOR", "3"
000ED6, "Cisco Systems, Inc.", "NETWORK_VENDOR", "5"
000ED7, "Cisco Systems, Inc.", "NETWORK_VENDOR", "5"
000EF0, "Festo AG & Co. KG", "SCADA_VENDOR", "3"
000F18, "Industrial Control Systems", "SCADA_VENDOR", "3"
000F1F, "Dell ESG PCBA Test", "PC_VENDOR", "5"
000F23, "Cisco Systems, Inc.", "NETWORK_VENDOR", "5"
000F24, "Cisco Systems, Inc.", "NETWORK_VENDOR", "5"
000F34, "Cisco Systems, Inc.", "NETWORK_VENDOR", "5"
000F35, "Cisco Systems, Inc.", "NETWORK_VENDOR", "5"
000F66, "Cisco-Linksys", "NETWORK_VENDOR", "5"
000F67, "West Instruments", "SCADA_VENDOR", "3"
000F69, "SEW Eurodrive GmbH & Co. KG", "SCADA_VENDOR", "3"
000F73, "Rockwell Samsung Automation Co. Ltd", "SCADA_VENDOR", "3"
000F8F, "Cisco Systems, Inc.", "NETWORK_VENDOR", "5"
000F90, "Cisco Systems, Inc.", "NETWORK_VENDOR", "5"
000F9C, "Panduit Corp", "SCADA_VENDOR", "3"
000F9E, "Murrelektronik GmbH", "SCADA_VENDOR", "3"
000FF7, "Cisco Systems, Inc.", "NETWORK_VENDOR", "5"
000FF8, "Cisco Systems, Inc.", "NETWORK_VENDOR", "5"
001007, "Cisco Systems, Inc.", "NETWORK_VENDOR", "5"
00100B, "Cisco Systems, Inc.", "NETWORK_VENDOR", "5"
00100D, "Cisco Systems, Inc.", "NETWORK_VENDOR", "5"
001011, "Cisco Systems, Inc.", "NETWORK_VENDOR", "5"
001014, "Cisco Systems, Inc.", "NETWORK_VENDOR", "5"
00101F, "Cisco Systems, Inc.", "NETWORK_VENDOR", "5"
001025, "Grayhill, Inc", "SCADA_VENDOR", "3"
001029, "Cisco Systems, Inc.", "NETWORK_VENDOR", "5"
00102F, "Cisco Systems, Inc.", "NETWORK_VENDOR", "5"
001048, "Htrc Automation, Inc.", "SCADA_VENDOR", "2"
001054, "Cisco Systems, Inc.", "NETWORK_VENDOR", "5"
001079, "Cisco Systems, Inc.", "NETWORK_VENDOR", "5"
00107B, "Cisco Systems, Inc.", "NETWORK_VENDOR", "5"
0010A6, "Cisco Systems, Inc.", "NETWORK_VENDOR", "5"
0010C3, "Csi-Control Systems", "SCADA_VENDOR", "3"
0010F6, "Cisco Systems, Inc.", "NETWORK_VENDOR", "5"
0010FF, "Cisco Systems, Inc.", "NETWORK_VENDOR", "5"
001120, "Cisco Systems, Inc.", "NETWORK_VENDOR", "5"
001121, "Cisco Systems, Inc.", "NETWORK_VENDOR", "5"
001143, "Dell ESG PCBA Test", "PC_VENDOR", "5"
00115C, "Cisco Systems, Inc.", "NETWORK_VENDOR", "5"
00115D, "Cisco Systems, Inc.", "NETWORK_VENDOR", "5"
001182, "IMI Norgren Ltd", "SCADA_VENDOR", "3"
001192, "Cisco Systems, Inc.", "NETWORK_VENDOR", "5"
001193, "Cisco Systems, Inc.", "NETWORK_VENDOR", "5"
0011BB, "Cisco Systems, Inc.", "NETWORK_VENDOR", "5"
0011BC, "Cisco Systems, Inc.", "NETWORK_VENDOR", "5"
0011FC, "Harting Electric Gmbh & Co.KG", "SCADA_VENDOR", "2"
001200, "Cisco Systems, Inc.", "NETWORK_VENDOR", "5"
001201, "Cisco Systems, Inc.", "NETWORK_VENDOR", "5"
00120A, "Emerson Climate Technologies GmbH", "SCADA_VENDOR", "3"
001217, "Cisco-Linksys, LLC", "NETWORK_VENDOR", "5"
00121F, "Harding Intruments", "SCADA_VENDOR", "2"
00123F, "Dell ESG PCBA Test", "PC_VENDOR", "5"
001243, "Cisco Systems, Inc.", "NETWORK_VENDOR", "5"
001244, "Cisco Systems, Inc.", "NETWORK_VENDOR", "5"
00124F, "Tyco Thermal Controls LLC.", "SCADA_VENDOR", "3"
00127F, "Cisco Systems, Inc.", "NETWORK_VENDOR", "5"
001280, "Cisco Systems, Inc.", "NETWORK_VENDOR", "5"
001293, "GE Energy", "SCADA_VENDOR", "2"
0012A8, "intec GmbH", "SCADA_VENDOR", "2"
0012C2, "Apex Electronics Factory", "SCADA_VENDOR", "3"
0012D9, "Cisco Systems, Inc.", "NETWORK_VENDOR", "5"
0012DA, "Cisco Systems, Inc.", "NETWORK_VENDOR", "5"
0012ED, "AVG Advanced Technologies", "SCADA_VENDOR", "2"
001310, "Cisco-Linksys, LLC", "NETWORK_VENDOR", "5"
001319, "Cisco Systems, Inc.", "NETWORK_VENDOR", "5"
00131A, "Cisco Systems, Inc.", "NETWORK_VENDOR", "5"
001324, "Schneider Electric Ultra Terminal", "SCADA_VENDOR", "2"
001345, "Eaton Corporation", "SCADA_VENDOR", "3"
00135F, "Cisco Systems, Inc.", "NETWORK_VENDOR", "5"
001360, "Cisco Systems, Inc.", "NETWORK_VENDOR", "5"
001372, "Dell ESG PCBA Test", "PC_VENDOR", "5"
00137F, "Cisco Systems, Inc.", "NETWORK_VENDOR", "5"
001380, "Cisco Systems, Inc.", "NETWORK_VENDOR", "5"
001384, "Advanced Motion Controls", "ROBOTICS", "3"
001386, "ABB Inc./Totalflow", "SCADA_VENDOR", "2"
0013C3, "Cisco Systems, Inc.", "NETWORK_VENDOR", "5"
0013C4, "Cisco Systems, Inc.", "NETWORK_VENDOR", "5"
0013D5, "RuggedCom", "NETWORK_VENDOR", "5"
001411, "Deutschmann Automation GmbH & Co. KG", "SCADA_VENDOR", "3"
001415, "Intec Automation Inc.", "SCADA_VENDOR", "3"
00141B, "Cisco Systems, Inc.", "NETWORK_VENDOR", "5"
00141C, "Cisco Systems, Inc.", "NETWORK_VENDOR", "5"
001422, "Dell ESG PCBA Test", "PC_VENDOR", "5"
001469, "Cisco Systems, Inc.", "NETWORK_VENDOR", "5"
00146A, "Cisco Systems, Inc.", "NETWORK_VENDOR", "5"
0014A8, "Cisco Systems, Inc.", "NETWORK_VENDOR", "5"
0014A9, "Cisco Systems, Inc.", "NETWORK_VENDOR", "5"
0014BF, "Cisco-Linksys LLC", "NETWORK_VENDOR", "5"
0014F1, "Cisco Systems, Inc.", "NETWORK_VENDOR", "5"
0014F2, "Cisco Systems, Inc.", "NETWORK_VENDOR", "5"
0014F7, "CREVIS Co., LTD", "SCADA_VENDOR", "3"
0014FF, "Precise Automation, Inc.", "ROBOTICS", "3"
001524, "Numatics, Inc.", "SCADA_VENDOR", "3"
00152B, "Cisco Systems, Inc.", "NETWORK_VENDOR", "5"
00152C, "Cisco Systems, Inc.", "NETWORK_VENDOR", "5"
00154E, "IEC", "SCADA_VENDOR", "3"
001562, "Cisco Systems, Inc.", "NETWORK_VENDOR", "5"
001563, "Cisco Systems, Inc.", "NETWORK_VENDOR", "5"
0015A6, "Digital Electronics Products Ltd.", "SCADA_VENDOR", "2"
0015BA, "iba AG", "SCADA_VENDOR", "3"
0015C5, "Dell ESG PCBA Test", "PC_VENDOR", "5"
0015C6, "Cisco Systems, Inc.", "NETWORK_VENDOR", "5"
0015C7, "Cisco Systems, Inc.", "NETWORK_VENDOR", "5"
0015DD, "IP Control Systems Ltd.", "SECURITY", "3"
0015F9, "Cisco Systems, Inc.", "NETWORK_VENDOR", "5"
0015FA, "Cisco Systems, Inc.", "NETWORK_VENDOR", "5"
0015FC, "Littelfuse Startco", "SCADA_VENDOR", "3"
001646, "Cisco Systems, Inc.", "NETWORK_VENDOR", "5"
001647, "Cisco Systems, Inc.", "NETWORK_VENDOR", "5"
00165F, "Fairmount Automation", "SCADA_VENDOR", "3"
001677, "Bihl+Wiedemann GmbH", "SCADA_VENDOR", "3"
00169C, "Cisco Systems, Inc.", "NETWORK_VENDOR", "5"
00169D, "Cisco Systems, Inc.", "NETWORK_VENDOR", "5"
0016B6, "Cisco-Linksys", "NETWORK_VENDOR", "5"
0016BD, "ATI Industrial Automation", "SCADA_VENDOR", "2"
0016C7, "Cisco Systems, Inc.", "NETWORK_VENDOR", "5"
0016C8, "Cisco Systems, Inc.", "NETWORK_VENDOR", "5"
0016F0, "Dell", "PC_VENDOR", "5"
00170E, "Cisco Systems, Inc.", "NETWORK_VENDOR", "5"
00170F, "Cisco Systems, Inc.", "NETWORK_VENDOR", "5"
00173B, "Cisco Systems, Inc.", "NETWORK_VENDOR", "5"
001759, "Cisco Systems, Inc.", "NETWORK_VENDOR", "5"
00175A, "Cisco Systems, Inc.", "NETWORK_VENDOR", "5"
001794, "Cisco Systems, Inc.", "NETWORK_VENDOR", "5"
001795, "Cisco Systems, Inc.", "NETWORK_VENDOR", "5"
0017DF, "Cisco Systems, Inc.", "NETWORK_VENDOR", "5"
0017E0, "Cisco Systems, Inc.", "NETWORK_VENDOR", "5"
001818, "Cisco Systems, Inc.", "NETWORK_VENDOR", "5"
001819, "Cisco Systems, Inc.", "NETWORK_VENDOR", "5"
001839, "Cisco-Linksys LLC", "NETWORK_VENDOR", "5"
001873, "Cisco Systems, Inc.", "NETWORK_VENDOR", "5"
001874, "Cisco Systems, Inc.", "NETWORK_VENDOR", "5"
00188B, "Dell ESG PCBA Test", "PC_VENDOR", "5"
0018B9, "Cisco Systems, Inc.", "NETWORK_VENDOR", "5"
0018BA, "Cisco Systems, Inc.", "NETWORK_VENDOR", "5"
0018F8, "Cisco-Linksys LLC", "NETWORK_VENDOR", "5"
001906, "Cisco Systems, Inc.", "NETWORK_VENDOR", "5"
001907, "Cisco Systems, Inc.", "NETWORK_VENDOR", "5"
00192F, "Cisco Systems, Inc.", "NETWORK_VENDOR", "5"
001930, "Cisco Systems, Inc.", "NETWORK_VENDOR", "5"
001955, "Cisco Systems, Inc.", "NETWORK_VENDOR", "5"
001956, "Cisco Systems, Inc.", "NETWORK_VENDOR", "5"
001999, "Fujitsu Technology Solutions", "SCADA_VENDOR", "5"
0019A9, "Cisco Systems, Inc.", "NETWORK_VENDOR", "5"
0019AA, "Cisco Systems, Inc.", "NETWORK_VENDOR", "5"
0019B9, "Dell Inc", "PC_VENDOR", "5"
0019E7, "Cisco Systems, Inc.", "NETWORK_VENDOR", "5"
0019E8, "Cisco Systems, Inc.", "NETWORK_VENDOR", "5"
001A2F, "Cisco Systems, Inc.", "NETWORK_VENDOR", "5"
001A30, "Cisco Systems, Inc.", "NETWORK_VENDOR", "5"
001A6C, "Cisco Systems, Inc.", "NETWORK_VENDOR", "5"
001A6D, "Cisco Systems, Inc.", "NETWORK_VENDOR", "5"
001A70, "Cisco-Linksys, LLC", "NETWORK_VENDOR", "5"
001AA0, "Dell Inc", "PC_VENDOR", "5"
001AA1, "Cisco Systems, Inc.", "NETWORK_VENDOR", "5"
001AA2, "Cisco Systems, Inc.", "NETWORK_VENDOR", "5"
001AE2, "Cisco Systems, Inc.", "NETWORK_VENDOR", "5"
001AE3, "Cisco Systems, Inc.", "NETWORK_VENDOR", "5"
001B0C, "Cisco Systems, Inc.", "NETWORK_VENDOR", "5"
001B0D, "Cisco Systems, Inc.", "NETWORK_VENDOR", "5"
001B1B, "Siemens AG", "SCADA_VENDOR", "5"
001B2A, "Cisco Systems, Inc.", "NETWORK_VENDOR", "5"
001B2B, "Cisco Systems, Inc.", "NETWORK_VENDOR", "5"
001B53, "Cisco Systems, Inc.", "NETWORK_VENDOR", "5"
001B54, "Cisco Systems, Inc.", "NETWORK_VENDOR", "5"
001B8F, "Cisco Systems, Inc.", "NETWORK_VENDOR", "5"
001B90, "Cisco Systems, Inc.", "NETWORK_VENDOR", "5"
001BD4, "Cisco Systems, Inc.", "NETWORK_VENDOR", "5"
001BD5, "Cisco Systems, Inc.", "NETWORK_VENDOR", "5"
001C0E, "Cisco Systems, Inc.", "NETWORK_VENDOR", "5"
001C0F, "Cisco Systems, Inc.", "NETWORK_VENDOR", "5"
001C10, "Cisco-Linksys, LLC", "NETWORK_VENDOR", "5"
001C23, "Dell Inc", "PC_VENDOR", "5"
001C57, "Cisco Systems, Inc.", "NETWORK_VENDOR", "5"
001C58, "Cisco Systems, Inc.", "NETWORK_VENDOR", "5"
001CB0, "Cisco Systems, Inc.", "NETWORK_VENDOR", "5"
001CB1, "Cisco Systems, Inc.", "NETWORK_VENDOR", "5"
001CF6, "Cisco Systems, Inc.", "NETWORK_VENDOR", "5"
001CF9, "Cisco Systems, Inc.", "NETWORK_VENDOR", "5"
001D09, "Dell Inc", "PC_VENDOR", "5"
001D45, "Cisco Systems, Inc.", "NETWORK_VENDOR", "5"
001D46, "Cisco Systems, Inc.", "NETWORK_VENDOR", "5"
001D70, "Cisco Systems, Inc.", "NETWORK_VENDOR", "5"
001D71, "Cisco Systems, Inc.", "NETWORK_VENDOR", "5"
001D7E, "Cisco-Linksys, LLC", "NETWORK_VENDOR", "5"
001DA1, "Cisco Systems, Inc.", "NETWORK_VENDOR", "5"
001DA2, "Cisco Systems, Inc.", "NETWORK_VENDOR", "5"
001DE5, "Cisco Systems, Inc.", "NETWORK_VENDOR", "5"
001DE6, "Cisco Systems, Inc.", "NETWORK_VENDOR", "5"
001E13, "Cisco Systems, Inc.", "NETWORK_VENDOR", "5"
001E14, "Cisco Systems, Inc.", "NETWORK_VENDOR", "5"
001E49, "Cisco Systems, Inc.", "NETWORK_VENDOR", "5"
001E4A, "Cisco Systems, Inc.", "NETWORK_VENDOR", "5"
001E4F, "Dell Inc", "PC_VENDOR", "5"
001E6B, "Cisco SPVTG", "NETWORK_VENDOR", "5"
001E79, "Cisco Systems, Inc.", "NETWORK_VENDOR", "5"
001E7A, "Cisco Systems, Inc.", "NETWORK_VENDOR", "5"
001EBD, "Cisco Systems, Inc.", "NETWORK_VENDOR", "5"
001EBE, "Cisco Systems, Inc.", "NETWORK_VENDOR", "5"
001EC9, "Dell Inc", "PC_VENDOR", "5"
001EE5, "Cisco-Linksys, LLC", "NETWORK_VENDOR", "5"
001EF6, "Cisco Systems, Inc.", "NETWORK_VENDOR", "5"
001EF7, "Cisco Systems, Inc.", "NETWORK_VENDOR", "5"
001F26, "Cisco Systems, Inc.", "NETWORK_VENDOR", "5"
001F27, "Cisco Systems, Inc.", "NETWORK_VENDOR", "5"
001F6C, "Cisco Systems, Inc.", "NETWORK_VENDOR", "5"
001F6D, "Cisco Systems, Inc.", "NETWORK_VENDOR", "5"
001F9D, "Cisco Systems, Inc.", "NETWORK_VENDOR", "5"
001F9E, "Cisco Systems, Inc.", "NETWORK_VENDOR", "5"
001FC9, "Cisco Systems, Inc.", "NETWORK_VENDOR", "5"
001FCA, "Cisco Systems, Inc.", "NETWORK_VENDOR", "5"
001FF8, "Siemens AG, Sector Industry, Drive Technologies, Motion Control Systems", "SCADA_VENDOR", "5"
002004, "Yamatake-Honeywell Co., Ltd.", "SCADA_VENDOR", "3"
002025, "Control Technology, Inc.", "SCADA_VENDOR", "3"
002034, "Rotec Industrieautomation Gmbh", "SCADA_VENDOR", "2"
00203D, "Honeywell ECC", "SCADA_VENDOR", "2"
002096, "Invensys", "SCADA_VENDOR", "3"
00209D, "Lippert Automationstechnik", "SCADA_VENDOR", "3"
0020B5, "Yaskawa Electric Corporation", "SCADA_VENDOR", "3"
00211B, "Cisco Systems, Inc.", "NETWORK_VENDOR", "5"
00211C, "Cisco Systems, Inc.", "NETWORK_VENDOR", "5"
002129, "Cisco-Linksys, LLC", "NETWORK_VENDOR", "5"
002155, "Cisco Systems, Inc.", "NETWORK_VENDOR", "5"
002156, "Cisco Systems, Inc.", "NETWORK_VENDOR", "5"
002170, "Dell Inc", "PC_VENDOR", "5"
00219B, "Dell Inc", "PC_VENDOR", "5"
0021A0, "Cisco Systems, Inc.", "NETWORK_VENDOR", "5"
0021A1, "Cisco Systems, Inc.", "NETWORK_VENDOR", "5"
0021BE, "Cisco, Service Provider Video Technology Group", "NETWORK_VENDOR", "5"
0021D7, "Cisco Systems, Inc.", "NETWORK_VENDOR", "5"
0021D8, "Cisco Systems, Inc.", "NETWORK_VENDOR", "5"
00220C, "Cisco Systems, Inc.", "NETWORK_VENDOR", "5"
00220D, "Cisco Systems, Inc.", "NETWORK_VENDOR", "5"
002219, "Dell Inc", "PC_VENDOR", "5"
002255, "Cisco Systems, Inc.", "NETWORK_VENDOR", "5"
002256, "Cisco Systems, Inc.", "NETWORK_VENDOR", "5"
00226B, "Cisco-Linksys, LLC", "NETWORK_VENDOR", "5"
002290, "Cisco Systems, Inc.", "NETWORK_VENDOR", "5"
002291, "Cisco Systems, Inc.", "NETWORK_VENDOR", "5"
0022BD, "Cisco Systems, Inc.", "NETWORK_VENDOR", "5"
0022BE, "Cisco Systems, Inc.", "NETWORK_VENDOR", "5"
0022CE, "Cisco, Service Provider Video Technology Group", "NETWORK_VENDOR", "5"
002304, "Cisco Systems, Inc.", "NETWORK_VENDOR", "5"
002305, "Cisco Systems, Inc.", "NETWORK_VENDOR", "5"
002333, "Cisco Systems, Inc.", "NETWORK_VENDOR", "5"
002334, "Cisco Systems, Inc.", "NETWORK_VENDOR", "5"
00235D, "Cisco Systems, Inc.", "NETWORK_VENDOR", "5"
00235E, "Cisco Systems, Inc.", "NETWORK_VENDOR", "5"
002369, "Cisco-Linksys, LLC", "NETWORK_VENDOR", "5"
0023AB, "Cisco Systems, Inc.", "NETWORK_VENDOR", "5"
0023AC, "Cisco Systems, Inc.", "NETWORK_VENDOR", "5"
0023AE, "Dell Inc", "PC_VENDOR", "5"
0023BE, "Cisco SPVTG", "NETWORK_VENDOR", "5"
0023EA, "Cisco Systems, Inc.", "NETWORK_VENDOR", "5"
0023EB, "Cisco Systems, Inc.", "NETWORK_VENDOR", "5"
002413, "Cisco Systems, Inc.", "NETWORK_VENDOR", "5"
002414, "Cisco Systems, Inc.", "NETWORK_VENDOR", "5"
002450, "Cisco Systems, Inc.", "NETWORK_VENDOR", "5"
002451, "Cisco Systems, Inc.", "NETWORK_VENDOR", "5"
002497, "Cisco Systems, Inc.", "NETWORK_VENDOR", "5"
002498, "Cisco Systems, Inc.", "NETWORK_VENDOR", "5"
0024C3, "Cisco Systems, Inc.", "NETWORK_VENDOR", "5"
0024C4, "Cisco Systems, Inc.", "NETWORK_VENDOR", "5"
0024E8, "Dell Inc", "PC_VENDOR", "5"
0024F7, "Cisco Systems, Inc.", "NETWORK_VENDOR", "5"
0024F9, "Cisco Systems, Inc.", "NETWORK_VENDOR", "5"
00252E, "Cisco SPVTG", "NETWORK_VENDOR", "5"
002545, "Cisco Systems, Inc.", "NETWORK_VENDOR", "5"
002546, "Cisco Systems, Inc.", "NETWORK_VENDOR", "5"
002564, "Dell Inc", "PC_VENDOR", "5"
002583, "Cisco Systems, Inc.", "NETWORK_VENDOR", "5"
002584, "Cisco Systems, Inc.", "NETWORK_VENDOR", "5"
00259C, "Cisco-Linksys, LLC", "NETWORK_VENDOR", "5"
0025B4, "Cisco Systems, Inc.", "NETWORK_VENDOR", "5"
0025B5, "Cisco Systems, Inc.", "NETWORK_VENDOR", "5"
00260A, "Cisco Systems, Inc.", "NETWORK_VENDOR", "5"
00260B, "Cisco Systems, Inc.", "NETWORK_VENDOR", "5"
002651, "Cisco Systems, Inc.", "NETWORK_VENDOR", "5"
002652, "Cisco Systems, Inc.", "NETWORK_VENDOR", "5"
002698, "Cisco Systems, Inc.", "NETWORK_VENDOR", "5"
002699, "Cisco Systems, Inc.", "NETWORK_VENDOR", "5"
0026B9, "Dell Inc", "PC_VENDOR", "5"
0026CA, "Cisco Systems, Inc.", "NETWORK_VENDOR", "5"
0026CB, "Cisco Systems, Inc.", "NETWORK_VENDOR", "5"
00270C, "Cisco Systems, Inc.", "NETWORK_VENDOR", "5"
00270D, "Cisco Systems, Inc.", "NETWORK_VENDOR", "5"
002A6A, "Cisco Systems, Inc.", "NETWORK_VENDOR", "5"
003005, "Fujitsu Siemens Computers", "SCADA_VENDOR", "5"
003011, "HMS Industrial Networks", "SCADA_VENDOR", "3"
003019, "Cisco Systems, Inc.", "NETWORK_VENDOR", "5"
003024, "Cisco Systems, Inc.", "NETWORK_VENDOR", "5"
003040, "Cisco Systems, Inc.", "NETWORK_VENDOR", "5"
003056, "Beck IPC GmbH", "SCADA_VENDOR", "3"
003071, "Cisco Systems, Inc.", "NETWORK_VENDOR", "5"
003078, "Cisco Systems, Inc.", "NETWORK_VENDOR", "5"
00307B, "Cisco Systems, Inc.", "NETWORK_VENDOR", "5"
003080, "Cisco Systems, Inc.", "NETWORK_VENDOR", "5"
003085, "Cisco Systems, Inc.", "NETWORK_VENDOR", "5"
003094, "Cisco Systems, Inc.", "NETWORK_VENDOR", "5"
003096, "Cisco Systems, Inc.", "NETWORK_VENDOR", "5"
003097, "AB Regin", "SCADA_VENDOR", "3"
0030A0, "Tyco Submarine Systems, Ltd.", "SCADA_VENDOR", "3"
0030A3, "Cisco Systems, Inc.", "NETWORK_VENDOR", "5"
0030B6, "Cisco Systems, Inc.", "NETWORK_VENDOR", "5"
0030DE, "Wago Kontakttechnik Gmbh", "SCADA_VENDOR", "3"
0030F2, "Cisco Systems, Inc.", "NETWORK_VENDOR", "5"
003A98, "Cisco Systems, Inc.", "NETWORK_VENDOR", "5"
003A99, "Cisco Systems, Inc.", "NETWORK_VENDOR", "5"
003A9A, "Cisco Systems, Inc.", "NETWORK_VENDOR", "5"
003A9B, "Cisco Systems, Inc.", "NETWORK_VENDOR", "5"
003A9C, "Cisco Systems, Inc.", "NETWORK_VENDOR", "5"
00400B, "Cisco Systems, Inc.", "NETWORK_VENDOR", "5"
00401A, "Fuji Electric CO., Ltd.", "SCADA_VENDOR", "2"
004096, "Cisco Systems", "NETWORK_VENDOR", "5"
0040AE, "Delta Controls, Inc.", "SCADA_VENDOR", "3"
0040C3, "Fischer and Porter CO.", "SCADA_VENDOR", "3"
00500B, "Cisco Systems, Inc.", "NETWORK_VENDOR", "5"
00500F, "Cisco Systems, Inc.", "NETWORK_VENDOR", "5"
005014, "Cisco Systems, Inc.", "NETWORK_VENDOR", "5"
00502A, "Cisco Systems, Inc.", "NETWORK_VENDOR", "5"
00503E, "Cisco Systems, Inc.", "NETWORK_VENDOR", "5"
00504E, "Sierra Monitor Corp.", "SCADA_VENDOR", "5"
005050, "Cisco Systems, Inc.", "NETWORK_VENDOR", "5"
005053, "Cisco Systems, Inc.", "NETWORK_VENDOR", "5"
005054, "Cisco Systems, Inc.", "NETWORK_VENDOR", "5"
005073, "Cisco Systems, Inc.", "NETWORK_VENDOR", "5"
005080, "Cisco Systems, Inc.", "NETWORK_VENDOR", "5"
0050A0, "Delta Computer Systems, Inc.", "SCADA_VENDOR", "2"
0050A2, "Cisco Systems, Inc.", "NETWORK_VENDOR", "5"
0050A7, "Cisco Systems, Inc.", "NETWORK_VENDOR", "5"
0050BD, "Cisco Systems, Inc.", "NETWORK_VENDOR", "5"
0050CB, "Jetter", "SCADA_VENDOR", "3"
0050D1, "Cisco Systems, Inc.", "NETWORK_VENDOR", "5"
0050DB, "Contemporary Control", "SCADA_VENDOR", "3"
0050E2, "Cisco Systems, Inc.", "NETWORK_VENDOR", "5"
0050F0, "Cisco Systems, Inc.", "NETWORK_VENDOR", "5"
0050FF, "Hakko Electronics CO., Ltd.", "SCADA_VENDOR", "3"
006009, "Cisco Systems, Inc.", "NETWORK_VENDOR", "5"
00602F, "Cisco Systems, Inc.", "NETWORK_VENDOR", "5"
00603E, "Cisco Systems, Inc.", "NETWORK_VENDOR", "5"
006041, "Yokogawa Electric Corporation", "SCADA_VENDOR", "3"
006047, "Cisco Systems, Inc.", "NETWORK_VENDOR", "5"
00605C, "Cisco Systems, Inc.", "NETWORK_VENDOR", "5"
006070, "Cisco Systems, Inc.", "NETWORK_VENDOR", "5"
006078, "Power Measurement Ltd.", "SCADA_VENDOR", "5"
006083, "Cisco Systems, Inc.", "NETWORK_VENDOR", "5"
0060B2, "Process Control Corp.", "SCADA_VENDOR", "3"
0060E5, "Fuji Automation CO., Ltd.", "SCADA_VENDOR", "2"
006440, "Cisco Systems, Inc.", "NETWORK_VENDOR", "5"
008074, "Fisher Controls", "SCADA_VENDOR", "3"
008094, "Alfa Laval Automation AB", "SCADA_VENDOR", "3"
0080A3, "Lantronix", "SCADA_VENDOR", "3"
00900C, "Cisco Systems, Inc.", "NETWORK_VENDOR", "5"
009021, "Cisco Systems, Inc.", "NETWORK_VENDOR", "5"
00902B, "Cisco Systems, Inc.", "NETWORK_VENDOR", "5"
00904F, "ABB Power T&D Company, Inc.", "SCADA_VENDOR", "2"
00905F, "Cisco Systems, Inc.", "NETWORK_VENDOR", "5"
009068, "DVT Corp.", "SCADA_VENDOR", "3"
00906D, "Cisco Systems, Inc.", "NETWORK_VENDOR", "5"
00906F, "Cisco Systems, Inc.", "NETWORK_VENDOR", "5"
009086, "Cisco Systems, Inc.", "NETWORK_VENDOR", "5"
009092, "Cisco Systems, Inc.", "NETWORK_VENDOR", "5"
0090A6, "Cisco Systems, Inc.", "NETWORK_VENDOR", "5"
0090AB, "Cisco Systems, Inc.", "NETWORK_VENDOR", "5"
0090B1, "Cisco Systems, Inc.", "NETWORK_VENDOR", "5"
0090BF, "Cisco Systems, Inc.", "NETWORK_VENDOR", "5"
0090D9, "Cisco Systems, Inc.", "NETWORK_VENDOR", "5"
0090DF, "Mitsubishi Chemical America, Inc.", "SCADA_VENDOR", "2"
0090E8, "Moxa Technologies Corp., Ltd.", "SCADA_VENDOR", "3"
0090F2, "Cisco Systems, Inc.", "NETWORK_VENDOR", "5"
00A03D, "Opto-22", "SCADA_VENDOR", "3"
00A045, "Phoenix Contact Gmbh & CO.", "SCADA_VENDOR", "3"
00A0ED, "Brooks Automation, Inc.", "SCADA_VENDOR", "3"
00B04A, "Cisco Systems, Inc.", "NETWORK_VENDOR", "5"
00B064, "Cisco Systems, Inc.", "NETWORK_VENDOR", "5"
00B08E, "Cisco Systems, Inc.", "NETWORK_VENDOR", "5"
00B0C2, "Cisco Systems, Inc.", "NETWORK_VENDOR", "5"
00B0D0, "Dell Computer Corp.", "PC_VENDOR", "5"
00C04E, "Comtrol Corportation", "SCADA_VENDOR", "3"
00C04F, "Dell Computer Corporation", "PC_VENDOR", "5"
00C0AF, "Teklogix Inc.", "SCADA_VENDOR", "3"
00C0CB, "Control Technology Corportation", "SCADA_VENDOR", "3"
00D006, "Cisco Systems, Inc.", "NETWORK_VENDOR", "5"
00D024, "Cognex Corporation", "SCADA_VENDOR", "3"
00D026, "Hirschmann Austria Gmbh", "SCADA_VENDOR", "3"
00D027, "Applied Automation, Inc.", "SCADA_VENDOR", "2"
00D058, "Cisco Systems, Inc.", "NETWORK_VENDOR", "5"
00D063, "Cisco Systems, Inc.", "NETWORK_VENDOR", "5"
00D079, "Cisco Systems, Inc.", "NETWORK_VENDOR", "5"
00D090, "Cisco Systems, Inc.", "NETWORK_VENDOR", "5"
00D097, "Cisco Systems, Inc.", "NETWORK_VENDOR", "5"
00D0AF, "Cutler-Hammer, Inc.", "SCADA_VENDOR", "3"
00D0BA, "Cisco Systems, Inc.", "NETWORK_VENDOR", "5"
00D0BB, "Cisco Systems, Inc.", "NETWORK_VENDOR", "5"
00D0BC, "Cisco Systems, Inc.", "NETWORK_VENDOR", "5"
00D0C0, "Cisco Systems, Inc.", "NETWORK_VENDOR", "5"
00D0D3, "Cisco Systems, Inc.", "NETWORK_VENDOR", "5"
00D0E4, "Cisco Systems, Inc.", "NETWORK_VENDOR", "5"
00D0FF, "Cisco Systems, Inc.", "NETWORK_VENDOR", "5"
00DEFB, "Cisco Systems, Inc.", "NETWORK_VENDOR", "5"
00E014, "Cisco Systems, Inc.", "NETWORK_VENDOR", "5"
00E01E, "Cisco Systems, Inc.", "NETWORK_VENDOR", "5"
00E034, "Cisco Systems, Inc.", "NETWORK_VENDOR", "5"
00E04F, "Cisco Systems, Inc.", "NETWORK_VENDOR", "5"
00E067, "eac Automation-Consulting Gmbh", "SCADA_VENDOR", "3"
00E07E, "Walt Disney Imagineering", "SCADA_VENDOR", "2"
00E08F, "Cisco Systems, Inc.", "NETWORK_VENDOR", "5"
00E090, "Beckman LAB. Automation DIV.", "SCADA_VENDOR", "2"
00E0A1, "Hima Paul Hildebrandt Gmbh Co. KG", "SCADA_VENDOR", "3"
00E0A3, "Cisco Systems, Inc.", "NETWORK_VENDOR", "5"
00E0B0, "Cisco Systems, Inc.", "NETWORK_VENDOR", "5"
00E0C4, "Horner Electric, Inc.", "SCADA_VENDOR", "3"
00E0E4, "Fanuc Robotics North America, Inc.", "ROBOTICS", "3"
00E0F7, "Cisco Systems, Inc.", "NETWORK_VENDOR", "5"
00E0F9, "Cisco Systems, Inc.", "NETWORK_VENDOR", "5"
00E0FE, "Cisco Systems, Inc.", "NETWORK_VENDOR", "5"
04C5A4, "Cisco Systems, Inc.", "NETWORK_VENDOR", "5"
04DAD2, "Cisco Systems, Inc.", "NETWORK_VENDOR", "5"
04FE7F, "Cisco Systems, Inc.", "NETWORK_VENDOR", "5"
080006, "Siemens AG", "SCADA_VENDOR", "5"
080017, "National Semiconductor", "SCADA_VENDOR", "3"
080070, "Mitsubishi Electric Corp.", "SCADA_VENDOR", "3"
081735, "Cisco Systems, Inc.", "NETWORK_VENDOR", "5"
081FF3, "Cisco Systems, Inc.", "NETWORK_VENDOR", "5"
088039, "Cisco SPVTG", "NETWORK_VENDOR", "5"
08CC68, "Cisco", "NETWORK_VENDOR", "5"
08D09F, "Cisco Systems, Inc.", "NETWORK_VENDOR", "5"
0C2724, "Cisco", "NETWORK_VENDOR", "5"
0C6803, "Cisco", "NETWORK_VENDOR", "5"
0C8525, "Cisco Systems, Inc.", "NETWORK_VENDOR", "5"
0CD996, "Cisco Systems, Inc.", "NETWORK_VENDOR", "5"
1000E8, "National Semiconductor", "SCADA_VENDOR", "3"
105F49, "Cisco SPVTG", "NETWORK_VENDOR", "5"
108CCF, "Cisco Systems, Inc.", "NETWORK_VENDOR", "5"
10BD18, "Cisco Systems, Inc.", "NETWORK_VENDOR", "5"
10EA59, "Cisco SPVTG", "NETWORK_VENDOR", "5"
10F311, "Cisco", "NETWORK_VENDOR", "5"
14FEB5, "Dell Inc", "PC_VENDOR", "5"
180373, "Dell Inc", "PC_VENDOR", "5"
18339D, "Cisco Systems, Inc.", "NETWORK_VENDOR", "5"
18550F, "Cisco SPVTG", "NETWORK_VENDOR", "5"
185933, "Cisco SPVTG", "NETWORK_VENDOR", "5"
18EF63, "Cisco Systems, Inc.", "NETWORK_VENDOR", "5"
1C17D3, "Cisco Systems, Inc.", "NETWORK_VENDOR", "5"
1CAA07, "Cisco Systems, Inc.", "NETWORK_VENDOR", "5"
1CDF0F, "Cisco Systems, Inc.", "NETWORK_VENDOR", "5"
1CE6C7, "Cisco", "NETWORK_VENDOR", "5"
203706, "Cisco Systems, Inc.", "NETWORK_VENDOR", "5"
203A07, "Cisco", "NETWORK_VENDOR", "5"
20AA4B, "Cisco-Linksys, LLC", "NETWORK_VENDOR", "5"
20BBC0, "Cisco", "NETWORK_VENDOR", "5"
2401C7, "Cisco", "NETWORK_VENDOR", "5"
24374C, "Cisco SPVTG", "NETWORK_VENDOR", "5"
24767D, "Cisco SPVTG", "NETWORK_VENDOR", "5"
24B657, "Cisco Systems, Inc.", "NETWORK_VENDOR", "5"
24B6FD, "Dell Inc", "PC_VENDOR", "5"
2893FE, "Cisco Systems, Inc.", "NETWORK_VENDOR", "5"
28940F, "Cisco Systems, Inc.", "NETWORK_VENDOR", "5"
2C36F8, "Cisco Systems, Inc.", "NETWORK_VENDOR", "5"
2C3F38, "Cisco Systems, Inc.", "NETWORK_VENDOR", "5"
2C542D, "Cisco Systems, Inc.", "NETWORK_VENDOR", "5"
3037A6, "Cisco Systems, Inc.", "NETWORK_VENDOR", "5"
30E4DB, "Cisco Systems, Inc.", "NETWORK_VENDOR", "5"
30F70D, "Cisco Systems", "NETWORK_VENDOR", "5"
34A84E, "Cisco", "NETWORK_VENDOR", "5"
34BDC8, "Cisco Systems", "NETWORK_VENDOR", "5"
34BDFA, "Cisco SPVTG", "NETWORK_VENDOR", "5"
38C85C, "Cisco SPVTG", "NETWORK_VENDOR", "5"
3CCE73, "Cisco Systems, Inc.", "NETWORK_VENDOR", "5"
3CDF1E, "Cisco Systems, Inc.", "NETWORK_VENDOR", "5"
405539, "Cisco Systems, Inc.", "NETWORK_VENDOR", "5"
40ECF8, "Siemens AG", "SCADA_VENDOR", "5"
40F4EC, "Cisco Systems, Inc.", "NETWORK_VENDOR", "5"
4403A7, "Cisco", "NETWORK_VENDOR", "5"
442B03, "Cisco Systems, Inc.", "NETWORK_VENDOR", "5"
445829, "Cisco SPVTG", "NETWORK_VENDOR", "5"
44ADD9, "Cisco", "NETWORK_VENDOR", "5"
44D3CA, "Cisco Systems, Inc.", "NETWORK_VENDOR", "5"
44E08E, "Cisco SVTG", "NETWORK_VENDOR", "5"
44E4D9, "Cisco Systems, Inc.", "NETWORK_VENDOR", "5"
484487, "Cisco SPVTG", "NETWORK_VENDOR", "5"
48F8B3, "Cisco-Linksys, LLC", "NETWORK_VENDOR", "5"
4C0082, "Cisco", "NETWORK_VENDOR", "5"
4C4E35, "Cisco", "NETWORK_VENDOR", "5"
500604, "Cisco", "NETWORK_VENDOR", "5"
503955, "Cisco SPVTG", "NETWORK_VENDOR", "5"
503DE5, "Cisco Systems, Inc.", "NETWORK_VENDOR", "5"
5057A8, "Cisco Systems, Inc.", "NETWORK_VENDOR", "5"
5475D0, "Cisco Systems, Inc.", "NETWORK_VENDOR", "5"
54781A, "Cisco", "NETWORK_VENDOR", "5"
547FEE, "Cisco Systems, Inc.", "NETWORK_VENDOR", "5"
54D46F, "Cisco SPVTG", "NETWORK_VENDOR", "5"
5835D9, "Cisco Systems, Inc.", "NETWORK_VENDOR", "5"
586D8F, "Cisco-Linksys, LLC", "NETWORK_VENDOR", "5"
588D09, "Cisco Systems, Inc.", "NETWORK_VENDOR", "5"
58971E, "Cisco", "NETWORK_VENDOR", "5"
58BC27, "Cisco Systems, Inc.", "NETWORK_VENDOR", "5"
58BFEA, "Cisco Systems, Inc.", "NETWORK_VENDOR", "5"
5C260A, "Dell Inc", "PC_VENDOR", "5"
5C5015, "Cisco Systems, Inc.", "NETWORK_VENDOR", "5"
5CF9DD, "Dell Inc", "PC_VENDOR", "5"
602AD0, "Cisco SPVTG", "NETWORK_VENDOR", "5"
60735C, "Cisco", "NETWORK_VENDOR", "5"
6400F1, "Cisco Systems, Inc.", "NETWORK_VENDOR", "5"
64168D, "Cisco Systems, Inc.", "NETWORK_VENDOR", "5"
649EF3, "Cisco Systems, Inc.", "NETWORK_VENDOR", "5"
64A0E7, "Cisco Systems, Inc.", "NETWORK_VENDOR", "5"
64AE0C, "Cisco Systems, Inc.", "NETWORK_VENDOR", "5"
64D814, "Cisco Systems, Inc.", "NETWORK_VENDOR", "5"
64D989, "Cisco Systems, Inc.", "NETWORK_VENDOR", "5"
687F74, "Cisco-Linksys, LLC", "NETWORK_VENDOR", "5"
6886A7, "Cisco", "NETWORK_VENDOR", "5"
68BC0C, "Cisco Systems, Inc.", "NETWORK_VENDOR", "5"
68BDAB, "Cisco Systems, Inc.", "NETWORK_VENDOR", "5"
68EE96, "Cisco SPVTG", "NETWORK_VENDOR", "5"
68EFBD, "Cisco Systems, Inc.", "NETWORK_VENDOR", "5"
6C2056, "Cisco", "NETWORK_VENDOR", "5"
6C416A, "Cisco", "NETWORK_VENDOR", "5"
6C504D, "Cisco Systems, Inc.", "NETWORK_VENDOR", "5"
6C9CED, "Cisco Systems, Inc.", "NETWORK_VENDOR", "5"
70105C, "Cisco", "NETWORK_VENDOR", "5"
708105, "Cisco Systems, Inc.", "NETWORK_VENDOR", "5"
70CA9B, "Cisco Systems, Inc.", "NETWORK_VENDOR", "5"
70AD74, "Cisco", "NETWORK_VENDOR", "5"
74867A, "Dell Inc PCBA Test", "PC_VENDOR", "5"
782BCB, "Dell Inc", "PC_VENDOR", "5"
7845C4, "Dell Inc", "PC_VENDOR", "5"
789F87, "Siemens AG I IA PP PRM", "SCADA_VENDOR", "5"
7CB21B, "Cisco SPVTG", "NETWORK_VENDOR", "5"
842B2B, "Dell Inc", "PC_VENDOR", "5"
8478AC, "Cisco", "NETWORK_VENDOR", "5"
848F69, "Dell Inc", "PC_VENDOR", "5"
8843E1, "Cisco Systems, Inc.", "NETWORK_VENDOR", "5"
884B39, "Siemens AG, Healthcare Sector", "SCADA_VENDOR", "5"
887556, "Cisco", "NETWORK_VENDOR", "5"
88F077, "Cisco Systems, Inc.", "NETWORK_VENDOR", "5"
8C604F, "Cisco Systems, Inc.", "NETWORK_VENDOR", "5"
8CB64F, "Cisco Systems, Inc.", "NETWORK_VENDOR", "5"
90B11C, "Dell Inc", "PC_VENDOR", "5"
94B8C5, "RuggedCom", "NETWORK_VENDOR", "5"
98FC11, "Cisco-Linksys, LLC", "NETWORK_VENDOR", "5"
9C4E20, "Cisco Systems, Inc.", "NETWORK_VENDOR", "5"
9CAFCA, "Cisco Systems, Inc.", "NETWORK_VENDOR", "5"
A0CF5B, "Cisco Systems, Inc.", "NETWORK_VENDOR", "5"
A41F72, "Dell Inc", "PC_VENDOR", "5"
A40CC3, "Cisco Systems, Inc.", "NETWORK_VENDOR", "5"
A41875, "Cisco Systems, Inc.", "NETWORK_VENDOR", "5"
A44C11, "Cisco Systems, Inc.", "NETWORK_VENDOR", "5"
A45630, "Cisco Systems, Inc.", "NETWORK_VENDOR", "5"
A4934C, "Cisco Systems, Inc.", "NETWORK_VENDOR", "5"
A4A24A, "Cisco SPVTG", "NETWORK_VENDOR", "5"
A4BADB, "Dell Inc", "PC_VENDOR", "5"
A8B1D4, "Cisco Systems, Inc.", "NETWORK_VENDOR", "5"
ACA016, "Cisco Systems, Inc.", "NETWORK_VENDOR", "5"
ACF2C5, "Cisco", "NETWORK_VENDOR", "5"
B0FAEB, "Cisco", "NETWORK_VENDOR", "5"
B40832, "TC Communications", "SCADA_VENDOR", "5"
B41489, "Cisco Systems, Inc.", "NETWORK_VENDOR", "5"
B4A4E3, "Cisco Systems, Inc.", "NETWORK_VENDOR", "5"
B4E9B0, "Cisco", "NETWORK_VENDOR", "5"
B8621F, "Cisco Systems, Inc.", "NETWORK_VENDOR", "5"
B8AC6F, "Dell Inc", "PC_VENDOR", "5"
B8BEBF, "Cisco Systems, Inc.", "NETWORK_VENDOR", "5"
B8CA3A, "Dell PCBA Test", "PC_VENDOR", "5"
BC1665, "Cisco", "NETWORK_VENDOR", "5"
BC305B, "Dell Inc", "PC_VENDOR", "5"
BCC810, "Cisco SPVTG", "NETWORK_VENDOR", "5"
C0626B, "Cisco Systems, Inc.", "NETWORK_VENDOR", "5"
C0C1C0, "Cisco-Linksys, LLC", "NETWORK_VENDOR", "5"
C40ACB, "Cisco Systems, Inc.", "NETWORK_VENDOR", "5"
C46413, "Cisco Systems, Inc.", "NETWORK_VENDOR", "5"
C471FE, "Cisco Systems, Inc.", "NETWORK_VENDOR", "5"
C47D4F, "Cisco Systems, Inc.", "NETWORK_VENDOR", "5"
C81F66, "Dell Inc PCBA Test", "PC_VENDOR", "5"
C84C75, "Cisco Systems, Inc.", "NETWORK_VENDOR", "5"
C89C1D, "Cisco Systems, Inc.", "NETWORK_VENDOR", "5"
C8B373, "Cisco-Linksys, LLC", "NETWORK_VENDOR", "5"
C8D719, "Cisco Consumer Products, LLC", "NETWORK_VENDOR", "5"
C8F9F9, "Cisco Systems, Inc.", "NETWORK_VENDOR", "5"
C8FB26, "Cisco SPVTG", "NETWORK_VENDOR", "5"
CC0DEC, "Cisco SPVTG", "NETWORK_VENDOR", "5"
CCD539, "Cisco", "NETWORK_VENDOR", "5"
CCEF48, "Cisco Systems, Inc.", "NETWORK_VENDOR", "5"
D0574C, "Cisco Systems, Inc.", "NETWORK_VENDOR", "5"
D067E5, "Dell Inc", "PC_VENDOR", "5"
D0C282, "Cisco Systems, Inc.", "NETWORK_VENDOR", "5"
D0C789, "Cisco", "NETWORK_VENDOR", "5"
D0D0FD, "Cisco Systems, Inc.", "NETWORK_VENDOR", "5"
D48CB5, "Cisco Systems, Inc.", "NETWORK_VENDOR", "5"
D4A02A, "Cisco Systems, Inc.", "NETWORK_VENDOR", "5"
D4AE52, "Dell Inc", "PC_VENDOR", "5"
D4BED9, "Dell Inc", "PC_VENDOR", "5"
D4D748, "Cisco Systems, Inc.", "NETWORK_VENDOR", "5"
D824BD, "Cisco Systems, Inc.", "NETWORK_VENDOR", "5"
D867D9, "Cisco Systems, Inc.", "NETWORK_VENDOR", "5"
DC7B94, "Cisco Systems, Inc.", "NETWORK_VENDOR", "5"
E02F6D, "Cisco", "NETWORK_VENDOR", "5"
E05FB9, "Cisco Systems, Inc.", "NETWORK_VENDOR", "5"
E0DB55, "Dell Inc", "PC_VENDOR", "5"
E448C7, "Cisco SPVTG", "NETWORK_VENDOR", "5"
E49069, "Rockwell Automation", "SCADA_VENDOR", "5"
E4D3F1, "Cisco", "NETWORK_VENDOR", "5"
E80462, "Cisco Systems, Inc.", "NETWORK_VENDOR", "5"
E84040, "Cisco Systems, Inc.", "NETWORK_VENDOR", "5"
E8B748, "Cisco Systems, Inc.", "NETWORK_VENDOR", "5"
E8BA70, "Cisco Systems, Inc.", "NETWORK_VENDOR", "5"
EC3091, "Cisco Systems, Inc.", "NETWORK_VENDOR", "5"
EC4476, "Cisco Systems, Inc.", "NETWORK_VENDOR", "5"
ECC882, "Cisco Systems, Inc.", "NETWORK_VENDOR", "5"
F01FAF, "Dell Inc PCBA Test", "PC_VENDOR", "5"
F02572, "Cisco Systems, Inc.", "NETWORK_VENDOR", "5"
F02929, "Cisco", "NETWORK_VENDOR", "5"
F04DA2, "Dell Inc", "PC_VENDOR", "5"
F0F755, "Cisco Systems, Inc.", "NETWORK_VENDOR", "5"
F41FC2, "Cisco", "NETWORK_VENDOR", "5"
F45433, "Rockwell Automation", "SCADA_VENDOR", "5"
F45FD4, "Cisco SPVTG", "NETWORK_VENDOR", "5"
F47F35, "Cisco Systems, Inc.", "NETWORK_VENDOR", "5"
F4ACC1, "Cisco Systems, Inc.", "NETWORK_VENDOR", "5"
F4EA67, "Cisco Systems, Inc.", "NETWORK_VENDOR", "5"
F866F2, "Cisco Systems, Inc.", "NETWORK_VENDOR", "5"
F872EA, "Cisco", "NETWORK_VENDOR", "5"
FC9947, "Cisco", "NETWORK_VENDOR", "5"
FCFBFB, "Cisco Systems, Inc.", "NETWORK_VENDOR", "5"
